{
	"info": {
		"_postman_id": "8cc7669d-c9fe-4595-8d38-7c47daadfe40",
		"name": "UPLOAD-FILE",
		"schema": "https://schema.getpostman.com/json/collection/v2.1.0/collection.json"
	},
	"item": [
		{
			"name": "Upload file",
			"request": {
				"method": "POST",
				"header": [],
				"body": {
					"mode": "formdata",
					"formdata": [
						{
							"key": "files",
							"type": "file",
							"src": "/home/rbit/Desktop/partitionList.txt"
						}
					]
				},
				"url": {
					"raw": "http://localhost:9090/upload/files",
					"protocol": "http",
					"host": [
						"localhost"
					],
					"port": "9090",
					"path": [
						"upload",
						"files"
					]
				}
			},
			"response": []
		},
		{
			"name": "Upload files",
			"request": {
				"method": "POST",
				"header": [],
				"body": {
					"mode": "formdata",
					"formdata": [
						{
							"key": "files",
							"type": "file",
							"src": [
								"/home/rbit/Desktop/SEQ.jpeg",
								"/home/rbit/Desktop/report.ods",
								"/home/rbit/Desktop/partitionList.txt",
								"/home/rbit/Desktop/FD.jpeg"
							]
						}
					]
				},
				"url": {
					"raw": "http://localhost:9090/upload/files",
					"protocol": "http",
					"host": [
						"localhost"
					],
					"port": "9090",
					"path": [
						"upload",
						"files"
					]
				}
			},
			"response": []
		},
		{
			"name": "Add Human",
			"request": {
				"method": "POST",
				"header": [],
				"body": {
					"mode": "raw",
					"raw": "{\n    \"id\": 111222333444555,\n    \"age\": 44,    \n    \"name\": \"Yossi\"\n}",
					"options": {
						"raw": {
							"language": "json"
						}
					}
				},
				"url": {
					"raw": "http://localhost:9090/upload/addHuman",
					"protocol": "http",
					"host": [
						"localhost"
					],
					"port": "9090",
					"path": [
						"upload",
						"addHuman"
					]
				}
			},
			"response": []
		},
		{
			"name": "Max- Json and File",
			"request": {
				"method": "POST",
				"header": [
					{
						"key": "Content-Type",
						"value": "multipart/form-data ",
						"type": "text",
						"disabled": true
					}
				],
				"body": {
					"mode": "formdata",
					"formdata": [
						{
							"key": "file",
							"type": "file",
							"src": "/home/rbit/Desktop/androidAbPartitionList.txt"
						},
						{
							"key": "human",
							"value": "{\"id\": 111222333444555,\"age\": 44,\"name\": \"Yossi\"}",
							"contentType": "application/json",
							"type": "text"
						}
					],
					"options": {
						"raw": {
							"language": "json"
						}
					}
				},
				"url": {
					"raw": "http://localhost:9090/upload/jsonWithFile?file",
					"protocol": "http",
					"host": [
						"localhost"
					],
					"port": "9090",
					"path": [
						"upload",
						"jsonWithFile"
					],
					"query": [
						{
							"key": "file",
							"value": null
						}
					]
				}
			},
			"response": []
		}
	]
}